http://homeimpact.com.au/,info@homeimpact.com.au,,
http://www.btshomes.com.au/,charlie@btshomes.com.au,,
https://meshdesignprojects.com.au/,md@meshdesignprojects.com.au,,
http://www.bmd.com.au/,mackay@bmd.com.au,townsville@bmd.com.au,brisbane@bmd.com.au
http://www.aplushomes.com.au/,info@aplushomes.com.au,mandeep@aplushomes.com.au,
https://www.liveconstruction.com.au/?utm_source=SEO&utm_medium=Organic&utm_campaign=GMB,enquiries@liveconstruction.com.au,,
https://uniquebuild.net.au/,hello@uniquebuild.net.au,,
http://www.homesbycma.com.au/,hello@homesbycma.com.au,maintenance@homesbycma.com.au,clare@homesbycma.com.au
https://www.clarencehomes.com.au/,info@clarencehomes.com.au,,
https://exclusiveresidence.com.au/?utm_source=google&utm_medium=organic&utm_campaign=gmb,johnd@exclusiveresidence.com.au,,
http://www.longislandhomes.com.au/,priya.s@longislandhomes.com.au,prince.g@longislandhomes.com.auMore,chandra.b@longislandhomes.com.auMore
https://www.aussielivinghomes.com.au/?utm_source=google&utm_medium=organic&utm_campaign=gmb_osbornepark,info@addbuild.com.au,,
https://smarthomesvic.com.au/,hello@smarthomesvic.com.au,gary@smarthomesvic.com.au,
https://www.augusthomes.com.au/,hello@augusthomes.com.au,,
http://www.strengthgroup.com.au/,contact@strengthgroup.com.au,,
https://centralavenuehomes.com.au/,enquiries@centralavenuehomes.com.au,,
http://regenthomes.com.au/,yourhome@regenthomes.com.au,david.a@regenthomes.com.au,tina@regenthomes.com.au
http://www.thompsonsustainablehomes.com.au/,sales@tshqld.com.au,,
https://www.familyhome.com.au/,enquiry@familyhome.com.au,,
http://www.kane.com.au/,viccontact@kane.com.au,nswcontact@kane.com.au,qldcontact@kane.com.au
http://kingsbridge.com.au/,info@kingsbridge.com.au,,
http://www.bentleyhomes.com.au/,enquiries@bentleyhomes.com.au,,
http://www.rossdalehomes.com.au/,service@rossdalehomes.com.au,service@rossdalehomes.com.a,invest@rossdalehomes.com.au
http://www.movingviews.com.au/,mail@movingviews.com.au,,
https://adbuilt.com.au/,mail@adbuilt.com.au,,
http://residential-space.com.au/,admin@residential-space.com.au,,
http://worthingtonhomes.com.au/,info@worthingtonhomes.com.au,,
http://www.warrenfamilyhomes.com.au/,enquiry@familyhome.com.au,,
https://statushomes.com.au/,enquiries@statushomes.com.au,,
http://www.stunninghomes.com.au/,info@stunninghomes.com.au,,
https://www.coasthomeswa.com.au/,info@coasthomeswa.com.au,,
http://thornhillpark.com.au/,enquiries@thornhillpark.com.au,,
http://www.paynterdixon.com.au/,info@paynterdixon.com.au,,
http://www.afonso.com.au/,admin@afonso.com.au,,
https://www.summithomes.com.au/,maintenance@summithomes.com.au,,
http://www.norfolkhomes.net.au/,sales@norfolkhomes.net.au,,
http://focushomes.com.au/,hello@focushomes.com.au,,
https://www.canberragrannyflatbuilders.com.au/,info@cgfb.com.au,,
http://www.newfoundbuilding.com.au/,admin@newfoundbuilding.com.au,,
http://homestart.net.au/,prince.g@longislandhomes.com.au,karen.r@longislandhomes.com.au,chandra.b@longislandhomes.com.au
http://www.impressive-homes.com.au/,admin@impressive-homes.com.au,,
http://www.baxterhomes.com.au/,info@baxterhomes.com.au,,
http://www.beechwood.com.au/,sales@beechwood.com.au,,
https://www.addbuild.com.au/,info@addbuild.com.au,,
http://www.cobild.com.au/,jointheteam@cobild.com.au,hello@cobild.com.au,
http://urban3.com.au/,enquiries@urban3.com.au,,
http://www.surfsidehomes.com.au/,brett@surfsidehomes.com.au,,
http://www.firstavenuehomes.com.au/contact/,info@firstavenuehomes.com.au,,
http://www.adaptbuild.com.au/,christian@adaptbuild.com.au,dean@adaptbuild.com.au,
http://www.resorthomes.com.au/,cameron@resorthomes.com.au,,
http://www.tinyhouse.com.au/,tinyhomes@hangan.com.au,,
http://www.keystonebuilding.com.au/,info@keystonebuilding.com.au,,
https://formehomes.com.au/,admin@formehomes.com.au,,
https://www.kubeconstructions.com.au/,enquiries@kubeconstruction.com.au,marcus@kubeconstructions.com.au,andrew@kubeconstructions.com.au
http://karami.com.au/,farbod@karami.com.au,,
http://www.sparkhomes.com.au/,enquiry@sparkbusinessgroup.com.au,enquiry@sparkhomes.com.au,sparkhomes@yahoo.com
http://www.kaiserhomes.com.au/,info@kaiserhomes.com.au,,
